{
  "project_info": {
    "project_number": "926227060686",
    "project_id": "walk-ec22b",
    "storage_bucket": "walk-ec22b.appspot.com"
  },
  "client": [
    {
      "client_info": {
        "mobilesdk_app_id": "1:926227060686:android:72854390d5828800b0fd9f",
        "android_client_info": {
          "package_name": "com.example.adim"
        }
      },
      "oauth_client": [
        {
          "client_id": "926227060686-5rmpr2n4efdp4hfqth7ar29j82t19chc.apps.googleusercontent.com",
          "client_type": 3
        }
      ],
      "api_key": [
        {
          "current_key": "AIzaSyC7iOtjArWLZRdq8xYzdO5b1pJHMRooklM"
        }
      ],
      "services": {
        "appinvite_service": {
          "other_platform_oauth_client": [
            {
              "client_id": "926227060686-5rmpr2n4efdp4hfqth7ar29j82t19chc.apps.googleusercontent.com",
              "client_type": 3
            }
          ]
        }
      }
    }
  ],
  "configuration_version": "1"
}